{
    "stats": {
        "velocity": [
            0.1396905928850174,
            0.049846574664115906,
            0.04701610654592514,
            0.042725205421447754,
            0.03548673540353775,
            0.03640928864479065,
            0.02518577128648758,
            0.014731844887137413,
            0.034385133534669876,
            0.02475038729608059,
            0.03261445462703705,
            0.02391766384243965,
            0.02873970940709114,
            0.03325473144650459,
            0.024975376203656197,
            0.025262126699090004,
            0.023783378303050995,
            0.044541243463754654,
            0.04280484840273857,
            0.07987882941961288
        ],
        "lon_accel": [
            0.011604688130319118,
            0.00961965974420309,
            0.013621942140161991,
            0.021338487043976784,
            0.02513641119003296,
            0.031924378126859665,
            0.04718731343746185,
            0.06093006581068039,
            0.08046212047338486,
            0.2947354018688202,
            0.1282982975244522,
            0.06627506762742996,
            0.04834706336259842,
            0.042935505509376526,
            0.025837907567620277,
            0.021042397245764732,
            0.01994301937520504,
            0.013843276537954807,
            0.009413911029696465,
            0.007503092288970947
        ],
        "lat_accel": [
            0.00615984620526433,
            0.007139521185308695,
            0.010925489477813244,
            0.01760055683553219,
            0.026179112493991852,
            0.03091377764940262,
            0.03579551354050636,
            0.05131416767835617,
            0.0685039535164833,
            0.2757185697555542,
            0.1554073840379715,
            0.08466815203428268,
            0.058193545788526535,
            0.04529569298028946,
            0.033516254276037216,
            0.023823687806725502,
            0.018896261230111122,
            0.01242623571306467,
            0.012215279042720795,
            0.005307099316269159
        ],
        "jerk": [
            0.016945000737905502,
            0.020606182515621185,
            0.022902755066752434,
            0.02447916567325592,
            0.031209390610456467,
            0.034110769629478455,
            0.028339259326457977,
            0.04064406082034111,
            0.032855965197086334,
            0.2986060678958893,
            0.09125111252069473,
            0.05043608695268631,
            0.054072245955467224,
            0.04047467187047005,
            0.03823097050189972,
            0.03608133643865585,
            0.031840499490499496,
            0.02611551247537136,
            0.03366479650139809,
            0.027134213596582413
        ]
    },
    "ticks": {
        "velocity": [
            0.0,
            0.20000000298023224,
            0.4000000059604645,
            0.6000000238418579,
            0.800000011920929,
            1.0,
            1.2000000476837158,
            1.399999976158142,
            1.600000023841858,
            1.8000000715255737,
            2.0,
            2.200000047683716,
            2.4000000953674316,
            2.5999999046325684,
            2.8000001907348633,
            3.0,
            3.200000047683716,
            3.4000000953674316,
            3.5999999046325684,
            3.799999952316284,
            4.0
        ],
        "lon_accel": [
            -2.0,
            -1.7999999523162842,
            -1.600000023841858,
            -1.399999976158142,
            -1.2000000476837158,
            -1.0,
            -0.7999999523162842,
            -0.6000000238418579,
            -0.3999999761581421,
            -0.19999997317790985,
            2.9802322387695312e-08,
            0.20000004768371582,
            0.40000003576278687,
            0.6000000238418579,
            0.8000000715255737,
            1.0,
            1.2000000476837158,
            1.399999976158142,
            1.600000023841858,
            1.7999999523162842,
            2.0
        ],
        "lat_accel": [
            -2.0,
            -1.7999999523162842,
            -1.600000023841858,
            -1.399999976158142,
            -1.2000000476837158,
            -1.0,
            -0.7999999523162842,
            -0.6000000238418579,
            -0.3999999761581421,
            -0.19999997317790985,
            2.9802322387695312e-08,
            0.20000004768371582,
            0.40000003576278687,
            0.6000000238418579,
            0.8000000715255737,
            1.0,
            1.2000000476837158,
            1.399999976158142,
            1.600000023841858,
            1.7999999523162842,
            2.0
        ],
        "jerk": [
            -1.0,
            -0.8999999761581421,
            -0.800000011920929,
            -0.699999988079071,
            -0.6000000238418579,
            -0.5,
            -0.3999999761581421,
            -0.30000001192092896,
            -0.19999998807907104,
            -0.09999998658895493,
            1.4901161193847656e-08,
            0.10000002384185791,
            0.20000001788139343,
            0.30000001192092896,
            0.40000003576278687,
            0.5,
            0.6000000238418579,
            0.699999988079071,
            0.800000011920929,
            0.8999999761581421,
            1.0
        ]
    }
}